{"names": ["cue ball", "other"], "yaml": {"nc": 2, "scales": {"n": [0.5, 0.25, 1024], "s": [0.5, 0.5, 1024], "m": [0.5, 1.0, 512], "l": [1.0, 1.0, 512], "x": [1.0, 1.5, 512]}, "backbone": [[-1, 1, "Conv", [64, 3, 2]], [-1, 1, "Conv", [128, 3, 2, 1, 2]], [-1, 2, "C3k2", [256, false, 0.25]], [-1, 1, "Conv", [256, 3, 2, 1, 4]], [-1, 2, "C3k2", [512, false, 0.25]], [-1, 1, "Conv", [512, 3, 2]], [-1, 4, "A2C2f", [512, true, 4]], [-1, 1, "Conv", [1024, 3, 2]], [-1, 4, "A2C2f", [1024, true, 1]]], "head": [[-1, 1, "nn.Upsample", ["None", 2, "nearest"]], [[-1, 6], 1, "Concat", [1]], [-1, 2, "A2C2f", [512, false, -1]], [-1, 1, "nn.Upsample", ["None", 2, "nearest"]], [[-1, 4], 1, "Concat", [1]], [-1, 2, "A2C2f", [256, false, -1]], [-1, 1, "Conv", [256, 3, 2]], [[-1, 11], 1, "Concat", [1]], [-1, 2, "A2C2f", [512, false, -1]], [-1, 1, "Conv", [512, 3, 2]], [[-1, 8], 1, "Concat", [1]], [-1, 2, "C3k2", [1024, true]], [[14, 17, 20], 1, "Detect", ["nc"]]], "scale": "n", "yaml_file": "yolov12n.yaml", "ch": 3}, "nc": 2, "args": {"model": "yolov12n.yaml", "batch": 16, "imgsz": 640}, "ultralytics_version": "8.3.63", "model_type": "yolov12"}